username;#1_Melkmaschine;#2_Schere;#3_Buerste;#4_Kupferhacke;#5_Silberangel;#6_Goldsichel;#7_Giesskanne;#8_Beil;#1_Schnuffi;#2_Langohr;#3_Shelly;#4_Federwisch;#5_Knacki;#6_Goldodil;#7_Ennui;#8_Feuerjunges;#1_Wii;#2_Gamecube;#3_DS;#4_Playstation;#5_N64;#6_SNES;#7_Gameboy;#8_NES
bluelumari;3;8;8;5;7;3;2;1;7;8;7;3;3;7;2;1;2;1;1;1;3;1;1;1
EinhornMetzgerin_;5;1;1;1;2;2;1;1;9;14;11;8;6;4;6;0;0;2;0;0;0;0;0;0
jayarjj;3;3;5;1;2;4;0;0;4;4;3;1;0;1;1;0;2;2;1;0;4;0;0;0
kittyy1969;3;7;9;3;5;7;1;1;6;8;4;4;4;4;2;1;1;1;4;2;0;3;0;1
nanabi7;2;6;4;5;3;3;0;0;1;3;1;2;2;3;3;1;3;4;1;1;4;2;1;0
SkorpionMamaX6;6;10;9;10;4;4;2;1;1;1;0;1;0;0;0;0;0;0;1;0;0;0;0;0
TheAdventureShark;5;4;4;2;2;0;1;0;0;1;2;0;1;0;1;0;7;9;9;10;10;11;0;6
bullyteufel;1;3;1;0;1;0;1;0;0;0;0;0;0;0;0;0;0;0;0;0;0;0;0;0
LunaraPlays;1;3;4;2;4;2;1;1;5;14;6;7;4;4;1;1;5;1;2;1;3;2;1;0
Babutsch;1;1;1;3;1;1;1;0;3;1;0;2;1;0;0;0;1;4;1;0;0;1;1;0
MochiiShiba;12;4;9;8;6;7;1;3;5;5;3;3;1;1;1;1;2;4;1;1;3;2;3;2
eti_133;0;2;1;1;1;1;0;0;3;0;1;1;1;0;0;0;0;1;0;0;0;0;0;0
aishamaus;0;0;0;1;0;0;0;0;0;0;0;0;0;0;0;0;0;0;0;0;0;0;0;0
sommerwind2000;0;0;0;0;0;1;0;0;0;0;0;0;0;0;0;0;0;0;0;0;0;0;0;0
xLEECAN;2;0;2;0;1;1;0;0;2;1;1;0;2;0;1;0;2;0;0;0;1;0;0;0
voooot;7;10;7;5;2;4;1;1;2;11;3;3;3;4;1;2;5;3;4;3;2;1;1;1
missmarymay28;3;4;2;1;4;3;1;1;3;5;0;1;0;1;0;0;0;0;0;0;0;0;0;0
Ruby_Lin;0;0;1;0;0;0;0;0;3;1;5;1;1;1;2;1;0;0;0;0;0;0;0;0
kamikazebienchen;0;0;2;0;0;0;0;0;0;1;0;1;0;0;0;0;0;0;0;0;0;0;0;0
angiunique;0;5;2;3;2;1;1;0;2;6;4;1;1;2;1;1;0;0;0;0;0;0;0;0
TJ_Artwork;1;1;3;1;1;1;2;1;5;5;3;4;1;3;1;0;0;0;0;0;0;0;0;0
YukiFlower;0;0;0;0;0;0;0;0;0;0;1;1;1;0;0;1;0;0;0;0;0;0;0;0
OllisGamingWorld;0;0;0;0;2;0;0;0;0;0;0;0;0;0;0;0;0;0;0;0;0;0;0;0
merydana;0;0;0;2;0;0;0;0;0;1;0;0;0;0;0;0;0;0;0;0;0;0;0;0
xRylah;4;1;2;0;1;0;0;1;5;1;1;1;3;0;1;0;4;0;1;2;0;0;2;0
Monschiie;0;0;0;0;0;0;0;0;0;0;0;0;1;0;0;0;0;0;0;0;0;0;0;0
rey_minz_;0;0;0;0;0;0;0;0;4;5;3;5;4;0;1;1;0;0;0;0;0;0;0;1
Luminara_Lumi;0;0;0;0;0;0;0;0;0;0;0;0;0;0;1;0;0;0;0;0;0;0;0;0
Kirschbecher97;0;0;0;0;0;0;0;0;0;1;0;0;0;0;0;0;0;0;0;0;0;0;0;0
ellagarmadon;0;0;0;0;0;0;0;0;0;1;0;0;0;0;0;0;0;0;0;0;0;0;0;0
xSeraya;4;4;4;1;7;4;1;0;6;3;4;1;2;1;0;0;0;0;1;0;0;1;0;0
pumaflame;1;2;1;1;2;0;2;1;5;6;3;2;5;1;1;1;7;7;6;3;1;4;2;1
kurama2412;0;0;0;0;0;0;0;0;0;0;0;0;0;0;0;1;0;0;0;0;0;0;0;0
AsteriFox;0;3;1;0;0;0;2;1;3;0;0;1;0;0;0;1;1;2;1;1;1;1;0;0
itsjustEmxly;0;0;0;0;0;0;0;0;0;0;0;0;0;0;0;0;0;0;0;0;0;0;0;0
helli4517;0;0;0;0;0;0;0;0;0;3;1;0;0;0;0;0;0;0;0;0;0;0;0;0
riachen91;0;0;0;0;0;0;0;0;0;0;0;0;0;0;0;0;0;0;0;1;0;0;0;0
JinjuJune;0;0;0;0;0;0;0;0;0;0;0;0;0;0;0;0;0;1;0;0;0;0;0;0
finoullagh;0;0;0;0;1;0;0;0;0;0;0;0;0;0;0;0;0;0;0;0;0;0;0;0
19caninchen88;0;0;0;1;0;0;0;1;0;0;0;1;0;0;0;1;1;0;0;0;1;1;0;0
Kittylein86;0;0;0;0;0;0;0;0;0;0;0;0;0;0;0;0;1;0;0;0;0;0;0;0
michaela_2905;0;0;0;0;0;0;0;0;0;0;0;0;0;0;0;0;0;0;0;0;1;0;0;0
vanessamuffy_;2;2;1;1;1;0;0;0;1;1;3;4;1;1;0;0;0;0;3;2;4;0;0;0
axelprost2;1;1;0;0;0;1;0;0;1;1;0;0;1;0;0;0;0;1;0;0;2;0;0;1
sunnyy_92;0;0;2;0;0;0;0;0;0;0;0;0;0;0;0;0;0;0;0;0;1;0;0;0
winterdrache91;0;0;0;0;1;0;0;0;0;0;0;0;0;0;0;0;0;0;0;0;0;0;0;0
araiila;0;0;0;0;0;0;0;0;0;1;1;0;0;0;0;0;0;0;0;0;0;0;0;0
fjc130884;0;0;0;1;0;0;1;0;1;0;0;1;0;0;0;0;1;1;0;0;0;0;0;0
malulady;5;4;2;3;2;1;1;1;5;3;4;3;1;3;1;2;2;1;0;2;0;1;0;0
mimi_nic;1;0;0;0;0;0;0;0;0;1;0;1;0;0;0;0;0;0;0;0;1;0;0;0
holyflokyo;0;0;0;0;0;0;0;0;0;0;0;1;0;0;0;0;5;1;1;1;3;0;0;2
Lynnceraptor;0;0;0;0;0;0;0;0;0;0;0;0;0;0;0;0;0;0;0;1;0;0;0;0
MrLifur;0;0;0;0;0;0;0;0;0;0;0;0;0;0;0;0;2;3;2;2;0;0;0;0

